the,126441
of,71483
and,57815
to,51726
in,44333
a,41741
is,22997
was,19510
that,16676
for,16488
as,16300
with,14654
by,14109
on,12602
are,11572
from,10608
be,9677
or,9002
his,8652
were,8087
it,7925
an,7803
at,7423
not,7080
which,6820
have,6214
he,5753
had,5544
also,5345
has,5333
this,5310
their,5280
but,4979
one,4248
its,4187
can,4137
been,4051
more,3963
other,3947
they,3781
used,3677
first,3385
all,3365
into,3265
citation,3221
two,3136
than,3134
would,3073
only,3069
time,2985
most,2794
who,2785
some,2725
such,2700
may,2674
when,2582
many,2552
between,2346
after,2328
her,2260
there,2233
years,2198
about,2188
these,2188
over,2159
use,2146
no,2108
new,1986
will,1937
him,1935
them,1917
made,1850
during,1843
out,1819
up,1766
both,1764
often,1754
where,1727
then,1716
being,1704
so,1692
any,1654
through,1644
number,1631
main,1621
system,1581
could,1558
each,1556
people,1542
if,1518
known,1507
while,1481
called,1473
convert,1440
well,1405
before,1402
same,1400
later,1397
work,1390
because,1319
three,1304
part,1261
under,1238
very,1231
several,1229
different,1224
became,1222
year,1210
did,1194
much,1187
city,1178
example,1172
large,1167
government,1155
found,1150
until,1148
early,1131
she,1117
including,1115
do,1105
own,1105
even,1102
those,1090
around,1089
since,1082
form,1081
high,1075
power,1070
century,1061
life,1039
state,1037
against,1026
set,1012
second,996
using,995
now,993
small,992
within,965
name,959
world,949
water,948
end,933
what,933
make,932
still,925
usually,921
like,920
without,919
area,906
common,905
however,898
long,885
began,879
four,867
series,853
due,847
must,839
order,835
said,833
another,832
death,821
few,821
way,820
film,817
major,816
less,814
does,813
s,813
left,804
based,800
back,790
support,784
public,780
members,771
become,769
country,765
among,759
war,752
considered,750
place,750
control,748
period,748
music,743
group,741
important,739
should,736
given,725
took,725
language,724
see,724
game,723
result,722
point,721
systems,715
family,707
process,702
last,699
line,692
political,691
single,691
never,684
include,681
various,678
day,674
term,669
original,668
case,666
right,663
down,660
modern,660
times,659
following,658
although,657
similar,656
along,653
every,653
off,653
just,652
local,652
published,652
we,650
data,646
countries,644
areas,642
general,637
led,637
either,634
held,634
law,629
popular,629
further,627
million,627
though,626
body,625
military,622
development,621
late,619
developed,616
take,616
how,615
rather,614
population,610
field,606
production,604
word,603
home,601
human,601
sometimes,597
states,597
men,596
generally,595
above,592
per,589
others,588
you,587
possible,582
having,578
continued,577
history,575
created,569
show,568
next,563
available,562
great,559
released,559
wrote,557
died,554
means,553
himself,551
higher,548
book,546
light,546
again,545
age,544
service,544
came,543
children,542
design,542
level,542
addition,541
almost,537
works,535
written,532
play,528
produced,528
information,527
national,527
range,525
theory,525
little,517
seen,516
five,515
largest,515
social,514
built,513
required,513
energy,511
species,511
old,510
low,508
force,507
total,507
land,506
included,500
least,499
change,496
making,496
season,496
groups,495
effect,494
version,493
days,489
standard,486
able,485
position,484
taken,484
de,483
free,483
provide,483
air,480
role,480
average,479
together,479
especially,478
good,477
man,477
size,477
lower,476
side,476
space,475
team,475
hand,471
itself,467
certain,466
once,466
third,466
present,465
surface,465
thus,463
numbers,460
type,459
final,458
received,458
terms,456
typically,455
might,454
allowed,453
throughout,453
played,451
rate,451
words,451
cases,450
international,449
school,449
particular,445
thought,445
women,445
natural,444
described,443
too,442
upon,441
provided,437
economic,436
across,434
company,433
source,433
cause,432
instead,432
short,432
significant,432
party,431
region,431
always,428
return,427
band,425
best,425
current,425
parts,425
aircraft,424
need,424
forces,423
full,423
program,421
traditional,420
value,420
established,419
months,419
changes,418
far,418
larger,417
named,417
special,417
father,416
outside,416
went,416
lost,415
away,413
cannot,413
fact,413
forms,412
uses,410
longer,408
types,408
structure,407
building,406
followed,404
function,404
games,402
increased,402
character,401
languages,401
art,400
events,398
increase,397
material,397
moved,396
below,395
person,395
designed,393
record,392
market,391
problems,390
produce,390
six,390
study,390
food,389
army,388
player,388
come,387
half,387
help,387
services,386
style,386
close,385
nature,385
open,385
run,385
added,384
gave,383
research,383
true,383
started,382
former,381
pressure,380
returned,380
black,379
introduced,378
leading,378
method,377
strong,376
results,375
top,375
head,374
model,374
allow,373
meaning,372
problem,372
temperature,372
themselves,371
create,369
practice,367
attack,364
limited,364
movement,364
official,363
points,363
amount,361
give,361
referred,361
believed,360
lines,360
network,360
influence,359
students,358
television,358
performance,357
specific,356
near,355
subject,355
remained,354
won,354
move,352
directly,351
evidence,351
get,351
particularly,351
key,350
religious,350
characters,349
enough,349
culture,348
elements,348
individual,348
lead,348
put,348
class,347
features,347
names,347
education,346
live,346
story,346
according,344
working,344
already,342
fire,342
difficult,341
complex,340
conditions,340
entire,340
commonly,339
community,339
includes,339
located,339
sound,339
whether,339
eventually,338
money,337
trade,337
living,335
success,335
associated,334
interest,334
better,333
view,333
young,332
access,330
beginning,330
decided,329
ground,329
appeared,328
caused,328
album,327
real,327
writing,327
brought,326
computer,326
my,326
court,325
member,325
sent,325
smaller,325
forced,324
house,324
length,324
killed,323
mostly,323
successful,323
white,323
business,321
son,321
stated,321
whose,321
widely,321
effects,320
private,320
relatively,320
action,319
earlier,319
formed,318
past,318
south,317
idea,316
players,316
rule,316
involved,315
office,315
our,315
radio,315
code,313
makes,313
majority,311
needed,311
physical,311
soon,311
cities,310
variety,310
stage,309
central,308
complete,307
related,307
rights,307
find,306
saw,305
industry,304
today,304
town,304
future,303
percent,303
allows,302
changed,302
event,302
king,302
levels,302
me,302
remains,302
primary,301
shows,301
books,300
done,299
speed,299
cost,298
north,298
society,298
base,297
policy,297
recorded,297
construction,296
ever,296
rest,296
science,296
text,296
rules,295
appear,294
mass,294
sea,294
multiple,293
recent,293
relationship,293
foreign,292
heavy,292
highly,292
schools,292
served,292
technology,292
go,291
greater,291
memory,291
products,291
reported,291
therefore,291
title,291
simply,289
sold,289
whole,289
additional,288
issues,288
performed,288
software,288
cells,287
career,286
units,286
previous,285
attempt,284
direct,284
worked,284
companies,283
provides,283
regular,283
release,283
likely,280
methods,280
necessary,280
towards,280
active,279
behind,279
placed,279
contains,278
eight,278
sense,278
separate,278
sources,278
capital,277
church,277
replaced,277
growth,276
issue,276
shown,276
song,276
elected,275
simple,275
applied,274
mother,274
operations,274
defined,273
seven,273
wide,273
night,272
battle,271
older,271
personal,271
color,270
commercial,269
loss,268
direction,267
president,267
response,267
start,267
approximately,266
ended,266
films,266
highest,266
lack,266
property,266
actually,264
distance,264
oil,264
image,263
nearly,263
quickly,263
keep,262
ancient,261
continue,261
frequently,261
occur,261
project,261
remain,261
wife,261
carried,260
cell,260
love,260
originally,260
blood,259
completed,258
edition,258
gas,258
normal,258
takes,258
income,257
island,257
product,257
quality,257
summer,257
supported,257
turn,257
yet,257
passed,256
exist,255
health,255
ships,255
hours,254
programs,254
intended,253
occurs,253
say,253
site,253
appears,251
functions,251
objects,251
act,250
campaign,250
clear,250
cut,250
economy,249
expected,249
founded,249
list,249
materials,249
playing,249
born,248
letter,248
reason,248
northern,247
read,247
signal,247
ability,246
analysis,246
know,246
numerous,246
prevent,246
approach,245
individuals,245
reduced,245
concept,243
knowledge,243
studies,243
wanted,243
legal,242
mainly,242
potential,242
require,242
songs,242
ten,242
equipment,241
experience,241
reduce,241
video,241
estimated,240
female,240
financial,240
resulting,240
training,240
adopted,239
contrast,239
matter,239
offered,239
taking,239
activities,238
probably,237
table,237
becomes,236
child,236
flow,236
machine,236
met,236
status,236
turned,236
laws,235
reached,235
red,235
announced,234
compared,234
engine,234
media,234
scientific,234
increasing,233
divided,232
parties,232
southern,232
board,231
heat,231
operating,231
test,231
call,230
charge,230
discovered,230
metal,230
course,229
largely,229
married,229
values,229
male,228
things,228
ways,228
failed,227
hold,227
operation,227
proposed,227
troops,227
account,226
date,226
decision,226
going,226
independent,226
supply,226
techniques,226
famous,225
plants,225
remaining,225
police,224
activity,223
historical,223
section,223
sets,223
accepted,222
face,222
here,222
marriage,222
believe,221
content,221
hard,221
internal,221
letters,221
moving,221
opened,221
regions,221
relations,221
treatment,221
running,220
serve,220
stories,220
applications,219
versions,219
basic,218
basis,218
buildings,218
completely,218
inside,218
poor,218
soldiers,218
told,218
via,218
agreed,217
connected,217
location,217
plan,217
element,216
initial,216
kept,216
nuclear,216
object,216
animals,215
except,215
output,215
primarily,215
question,215
tradition,215
workers,215
billion,214
cultural,214
degree,214
hit,214
models,214
noted,214
tax,214
appointed,213
center,213
definition,213
devices,213
giving,213
instance,213
claim,212
daughter,212
fall,212
growing,212
properties,212
reference,212
river,212
frequency,211
meant,211
whom,211
beyond,210
era,210
phase,210
scale,210
damage,209
deal,209
extended,209
novel,209
feature,208
musical,208
reach,208
ship,208
centuries,207
effective,207
negative,207
offer,207
quite,207
refused,207
removed,207
unit,207
management,206
medical,206
positions,206
west,206
civil,205
distribution,205
observed,205
page,205
requires,205
weight,205
claimed,204
determined,204
front,204
leave,204
positive,204
fields,203
plant,203
vote,203
brother,202
race,202
responsible,202
critical,201
us,201
article,200
causes,200
mean,200
security,200
fuel,199
address,198
becoming,198
centre,198
efforts,198
ideas,198
immediately,198
places,198
powers,198
rock,198
something,198
unique,198
contact,197
currently,197
felt,197
origin,197
paper,197
station,197
suggested,197
agreement,196
allowing,196
device,196
finally,196
fully,196
ordered,196
organization,196
presented,196
structures,196
track,196
travel,196
application,195
birth,195
combined,195
differences,195
fixed,195
pieces,195
rise,195
western,195
despite,194
easily,194
flight,194
recently,194
spread,194
write,194
contain,193
environment,193
initially,193
latter,193
represented,193
resources,193
road,193
serious,193
sides,193
powerful,192
raised,192
room,192
disease,191
election,191
previously,191
report,191
resulted,191
shape,191
spent,191
weeks,191
cover,190
friends,190
maximum,190
rates,190
volume,190
east,189
gives,189
goods,189
refers,189
authority,188
care,188
cast,188
comes,188
develop,188
goal,188
shot,188
tour,188
follow,187
leaving,187
middle,187
teams,187
technique,187
appearance,186
carry,186
determine,186
e,186
peace,186
says,186
significantly,186
tend,186
wave,186
annual,185
behavior,185
collection,185
existence,185
risk,185
conflict,184
county,184
extremely,184
fourth,184
humans,184
proved,184
purpose,184
reading,184
weapons,184
components,183
families,183
featured,183
meeting,183
prior,183
relative,183
win,183
bridge,182
minutes,182
protection,182
situation,182
toward,182
asked,181
attempts,181
formal,181
presence,181
tried,181
focus,180
round,180
slightly,180
speech,180
unable,180
cards,179
difference,179
drive,179
electric,179
episode,179
equal,179
equivalent,179
federal,179
meet,179
plays,179
sexual,179
stars,179
useful,179
user,179
vary,179
advantage,178
crew,178
joined,178
professional,178
signed,178
dead,177
figure,177
kind,177
limit,177
parents,177
pay,177
share,177
somewhat,177
ball,176
constant,176
existing,176
literature,176
users,176
car,175
closed,175
layer,175
nor,175
perform,175
recognized,175
square,175
standards,175
strength,175
transport,175
acid,174
avoid,174
gold,174
officers,174
opening,174
projects,174
showed,174
actual,172
capacity,172
condition,172
external,172
helped,172
month,172
reaction,172
receive,172
stop,172
your,172
argued,171
composed,171
grew,171
images,171
impact,171
pass,171
solution,171
winter,171
entirely,170
failure,170
philosophy,170
price,170
reasons,170
sequence,170
stations,170
target,170
attacks,169
attempted,169
classes,169
domestic,169
leaders,169
perhaps,169
temperatures,169
week,169
alternative,168
consists,168
exchange,168
identified,168
lived,168
nothing,168
processes,168
citizens,167
command,167
costs,167
gain,167
mission,167
records,167
blue,166
digital,166
effort,166
factors,166
magnetic,166
piece,166
resistance,166
starting,166
woman,166
aid,165
alone,165
animal,165
attention,165
chosen,165
constructed,165
examples,165
expressed,165
occurred,165
choice,164
demand,164
factor,164
houses,164
increases,164
notes,164
scene,164
think,164
communication,163
format,163
rapidly,163
seems,163
staff,163
unknown,163
advanced,162
display,162
distinct,162
gained,162
heart,162
leader,162
ones,162
overall,162
saying,162
search,162
depending,161
fish,161
increasingly,161
look,161
maintained,161
measure,161
measured,161
protect,161
combination,160
expanded,160
normally,160
paid,160
tree,160
communities,159
engines,159
entered,159
marked,159
native,159
plans,159
runs,159
actions,158
competition,158
organizations,158
radiation,158
star,158
input,157
match,157
officials,157
particles,157
providing,157
typical,157
why,157
chemical,156
creating,156
creation,156
cycle,156
derived,156
fighting,156
friend,156
operate,156
reality,156
thousands,156
understanding,156
causing,155
contract,155
managed,155
motion,155
step,155
visit,155
zero,155
audience,154
core,154
covered,154
decades,154
division,154
greatly,154
needs,154
refer,154
regarded,154
bodies,153
context,153
developing,153
ice,153
issued,153
opposed,153
organized,153
regarding,153
voice,153
claims,152
controlled,152
designs,152
fell,152
leaves,152
maintain,152
minor,152
surrounding,152
worldwide,152
architecture,151
forward,151
owned,151
territory,151
upper,151
urban,151
break,150
cars,150
continues,150
lives,150
planned,150
student,150
affected,149
captured,149
file,149
host,149
recording,149
represent,149
showing,149
translation,149
granted,148
green,148
hands,148
influenced,148
islands,148
machines,148
mentioned,148
double,147
extensive,147
mind,147
pair,147
directed,146
expansion,146
finished,146
pattern,146
purposes,146
rejected,146
secondary,146
skin,146
spring,146
wall,146
artists,145
bring,145
daily,145
declared,145
magazine,145
mode,145
otherwise,145
religion,145
visited,145
achieved,144
block,144
coast,144
defense,144
identity,144
patterns,144
signals,144
sites,144
string,144
arrived,143
consider,143
effectively,143
formation,143
manner,143
movie,143
rare,143
sector,143
capable,142
conducted,142
fight,142
figures,142
hardware,142
message,142
sales,142
sign,142
statement,142
university,142
walls,142
arms,141
classical,141
freedom,141
heard,141
improved,141
onto,141
practical,141
royal,141
sought,141
symbol,141
aspects,140
details,140
elections,140
importance,140
nation,140
principle,140
setting,140
specifically,140
build,139
college,139
containing,139
dance,139
depends,139
destroyed,139
engineering,139
exists,139
indicate,139
launched,139
nine,139
possibly,139
traffic,139
bus,138
card,138
describe,138
dry,138
faith,138
fiction,138
global,138
heavily,138
popularity,138
publication,138
route,138
sex,138
visible,138
closely,137
connection,137
dark,137
labor,137
subsequent,137
taught,137
usage,137
views,137
feet,136
generation,136
score,136
secret,136
brain,135
broadcast,135
eastern,135
employed,135
follows,135
got,135
improve,135
neither,135
pages,135
safety,135
suggests,135
acts,134
attached,134
composition,134
critics,134
dropped,134
i,134
officially,134
oldest,134
scholars,134
shared,134
vehicles,134
administration,133
characteristics,133
greatest,133
incorporated,133
industrial,133
institutions,133
instruments,133
plane,133
soil,133
want,133
bands,132
describes,132
males,132
port,132
ran,132
residents,132
author,131
channel,131
contemporary,131
fast,131
focused,131
operated,131
practices,131
begin,130
begins,130
carbon,130
establish,130
inspired,130
leadership,130
news,130
periods,130
regional,130
twice,130
winning,130
computers,129
error,129
expression,129
interests,129
limits,129
oxygen,129
roles,129
split,129
suffered,129
truth,129
accounts,128
angle,128
awarded,128
correct,128
ensure,128
measures,128
path,128
printed,128
producing,128
really,128
selected,128
treated,128
viewed,128
atoms,127
authors,127
coming,127
deep,127
involves,127
job,127
opposition,127
processing,127
stable,127
storage,127
technical,127
theories,127
transmission,127
bank,126
calls,126
club,126
goes,126
join,126
markets,126
opposite,126
steel,126
threat,126
trial,126
violence,126
border,125
decade,125
die,125
director,125
environmental,125
height,125
instrument,125
prepared,125
screen,125
stone,125
studio,125
transfer,125
translated,125
achieve,124
affect,124
combat,124
contained,124
debate,124
facilities,124
fleet,124
holds,124
leads,124
nations,124
proper,124
severe,124
strongly,124
adding,123
benefit,123
cable,123
climate,123
enemy,123
extra,123
floor,123
glass,123
link,123
n,123
policies,123
quantum,123
reports,123
requirements,123
ring,123
standing,123
testing,123
accept,122
background,122
big,122
dates,122
dedicated,122
ends,122
episodes,122
impossible,122
introduction,122
launch,122
rarely,122
trees,122
waves,122
argument,121
component,121
council,121
expensive,121
explained,121
modified,121
offers,121
painting,121
post,121
questions,121
represents,121
respect,121
strategy,121
anything,120
apply,120
churches,120
drawn,120
earth,120
hot,120
map,120
movements,120
notable,120
note,120
obtained,120
orders,120
rural,120
victory,120
bit,119
circuit,119
continuous,119
criticism,119
degrees,119
doing,119
hundred,119
let,119
relationships,119
slaves,119
theme,119
trying,119
atmosphere,118
concepts,118
detailed,118
edge,118
electronic,118
exact,118
park,118
politics,118
reputation,118
variations,118
vast,118
assigned,117
balance,117
box,117
domain,117
escape,117
minimum,117
parallel,117
programming,117
rank,117
request,117
seats,117
seem,117
slow,117
stored,117
substantial,117
successfully,117
tests,117
academic,116
am,116
broke,116
courts,116
electrical,116
enter,116
gradually,116
independence,116
investment,116
kill,116
molecules,116
patients,116
press,116
solid,116
stand,116
try,116
visual,116
abandoned,115
belief,115
cold,115
generated,115
grow,115
opinion,115
prices,115
ratio,115
towns,115
acting,114
apparent,114
changing,114
cultures,114
documents,114
football,114
grown,114
mark,114
medium,114
mixed,114
nearby,114
personnel,114
prison,114
protein,114
resolution,114
task,114
voltage,114
whereas,114
audio,113
crime,113
exactly,113
experienced,113
online,113
opportunity,113
portion,113
root,113
strike,113
styles,113
tools,113
unless,113
vehicle,113
accused,112
algorithm,112
earliest,112
existed,112
household,112
iron,112
obtain,112
train,112
understand,112
varies,112
bass,111
budget,111
chain,111
disk,111
ending,111
essential,111
everything,111
eye,111
instructions,111
meat,111
networks,111
permanent,111
review,111
solar,111
spirit,111
succeeded,111
teaching,111
thing,111
wear,111
yards,111
apart,110
appropriate,110
artist,110
bits,110
categories,110
compounds,110
concern,110
copies,110
cross,110
decline,110
defeated,110
distributed,110
feel,110
fine,110
hundreds,110
intelligence,110
logic,110
script,110
sports,110
ultimately,110
wood,110
younger,110
acquired,109
description,109
fit,109
formula,109
learned,109
learning,109
literary,109
preferred,109
prime,109
principles,109
speaking,109
accurate,108
amounts,108
bottom,108
drug,108
extent,108
implemented,108
integrated,108
mountain,108
occasionally,108
picture,108
poetry,108
progress,108
references,108
representation,108
widespread,108
adapted,107
adult,107
armed,107
articles,107
brief,107
chance,107
contributed,107
conventional,107
et,107
exception,107
false,107
faster,107
governments,107
housing,107
looking,107
mobile,107
performances,107
sections,107
separated,107
shortly,107
store,107
subsequently,107
sugar,107
weather,107
arranged,106
attended,106
desire,106
efficient,106
extreme,106
holding,106
identify,106
moment,106
moral,106
morning,106
moves,106
outer,106
passing,106
pure,106
save,106
scenes,106
stages,106
theorem,106
thousand,106
understood,106
universe,106
assumed,105
authorities,105
district,105
easy,105
electron,105
fans,105
favor,105
hydrogen,105
items,105
liquid,105
mechanical,105
pain,105
receiving,105
seasons,105
shift,105
stay,105
straight,105
street,105
studied,105
wind,105
concerns,104
defeat,104
evolved,104
flat,104
hair,104
locations,104
mounted,104
produces,104
repeated,104
replace,104
scheme,104
trading,104
add,103
ago,103
converted,103
document,103
else,103
experiments,103
foot,103
immediate,103
legislation,103
losses,103
m,103
matters,103
merely,103
proteins,103
reducing,103
reduction,103
revealed,103
roughly,103
seconds,103
send,103
transition,103
tube,103
votes,103
writings,103
arts,102
bad,102
branch,102
considerable,102
deaths,102
decisions,102
designated,102
electrons,102
frame,102
involving,102
solutions,102
sufficient,102
suitable,102
traditions,102
weak,102
birds,101
camera,101
concluded,101
extend,101
fluid,101
husband,101
library,101
linear,101
median,101
pilot,101
planning,101
prominent,101
serving,101
silver,101
spiritual,101
symptoms,101
tells,101
advance,100
colors,100
executive,100
eyes,100
fundamental,100
guitar,100
horse,100
kingdom,100
linked,100
mental,100
performing,100
returning,100
seat,100
selection,100
skills,100
speak,100
supplies,100
taxes,100
writers,100
charged,99
circumstances,99
clubs,99
criminal,99
dependent,99
draw,99
funds,99
guns,99
km,99
landing,99
mechanism,99
mountains,99
newly,99
sample,99
sort,99
stock,99
titles,99
capture,98
chose,98
discussion,98
hospital,98
ideal,98
interior,98
knew,98
listed,98
lowest,98
partly,98
persons,98
plate,98
rich,98
seek,98
serves,98
someone,98
concrete,97
conference,97
copy,97
crisis,97
delivered,97
density,97
evil,97
fear,97
filled,97
inner,97
installed,97
necessarily,97
officer,97
platform,97
remove,97
tone,97
anyone,96
boundary,96
carrying,96
category,96
concerned,96
declined,96
define,96
depth,96
illegal,96
implementation,96
interpretation,96
interview,96
lies,96
manufacturing,96
option,96
perfect,96
promote,96
secure,96
survive,96
texts,96
usual,96
weapon,96
writer,96
writes,96
benefits,95
bound,95
candidates,95
chief,95
debt,95
experiment,95
goals,95
none,95
populations,95
rapid,95
respectively,95
restricted,95
seemed,95
sentence,95
specified,95
subjects,95
theatre,95
yellow,95
zone,95
approved,94
association,94
brothers,94
classified,94
confirmed,94
executed,94
finite,94
getting,94
mathematical,94
proof,94
relation,94
roads,94
roots,94
supporting,94
tell,94
themes,94
uniform,94
vessels,94
vision,94
begun,93
broken,93
cancer,93
circle,93
corresponding,93
couple,93
dangerous,93
efficiency,93
empty,93
females,93
gender,93
membership,93
mm,93
possibility,93
purchased,93
sister,93
suggest,93
symbols,93
vector,93
vertical,93
village,93
wild,93
absence,92
affairs,92
attributed,92
ceremony,92
committed,92
communications,92
discussed,92
distinction,92
divisions,92
easier,92
equipped,92
ethnic,92
explain,92
historic,92
identical,92
infrastructure,92
missile,92
organisms,92
print,92
sport,92
twelve,92
absolute,91
administrative,91
agricultural,91
appeal,91
channels,91
choose,91
clearly,91
convention,91
evolution,91
festival,91
finding,91
herself,91
historians,91
huge,91
interested,91
interface,91
joint,91
killing,91
losing,91
paintings,91
plot,91
senior,91
suit,91
tracks,91
transportation,91
treaty,91
unlike,91
agents,90
answer,90
bill,90
boats,90
broad,90
collected,90
concentration,90
consistent,90
consumption,90
conversion,90
credit,90
drop,90
duty,90
entry,90
fired,90
folk,90
horses,90
links,90
narrow,90
participation,90
passes,90
peak,90
reaching,90
recommended,90
rotation,90
spoken,90
stability,90
strings,90
supports,90
apparently,89
artillery,89
businesses,89
campus,89
duties,89
electricity,89
encouraged,89
experimental,89
finds,89
instruction,89
interaction,89
permitted,89
quarter,89
settlement,89
attacked,88
challenge,88
configuration,88
essentially,88
genetic,88
indicated,88
invasion,88
notion,88
opera,88
papers,88
participate,88
printing,88
probability,88
random,88
routes,88
sell,88
speakers,88
steps,88
strict,88
tasks,88
varied,88
velocity,88
arrested,87
comparison,87
concert,87
criticized,87
downtown,87
entitled,87
genre,87
infantry,87
influential,87
massive,87
meetings,87
minister,87
missions,87
noise,87
observation,87
phrase,87
principal,87
races,87
recognition,87
reforms,87
researchers,87
safe,87
scientists,87
spaces,87
survived,87
surviving,87
thereby,87
thermal,87
victims,87
agent,86
argue,86
assistance,86
beliefs,86
binary,86
boat,86
classic,86
commission,86
consisting,86
constitution,86
distinguished,86
doctrine,86
extension,86
featuring,86
fewer,86
forming,86
genes,86
jazz,86
newspaper,86
orbit,86
plus,86
reform,86
tool,86
universal,86
valid,86
waters,86
bar,85
boundaries,85
demonstrated,85
engaged,85
equation,85
errors,85
hope,85
lands,85
net,85
rain,85
retained,85
ruled,85
specialized,85
vacuum,85
x,85
assembly,84
biological,84
characteristic,84
cited,84
department,84
fashion,84
fishing,84
flying,84
foundation,84
hole,84
hypothesis,84
invited,84
lists,84
lot,84
poem,84
procedure,84
protected,84
prove,84
reflected,84
responded,84
stands,84
suffering,84
temporary,84
albums,83
blocks,83
bought,83
boy,83
charges,83
codes,83
compact,83
covers,83
damaged,83
demands,83
desired,83
diameter,83
elsewhere,83
exposed,83
exposure,83
fought,83
frequent,83
hunting,83
jobs,83
marks,83
milk,83
objective,83
partially,83
particle,83
percentage,83
physics,83
producer,83
ranges,83
representing,83
responsibility,83
shall,83
soul,83
substance,83
throne,83
unusual,83
wire,83
approaches,82
beautiful,82
calling,82
comic,82
connections,82
continuing,82
count,82
destruction,82
discovery,82
drugs,82
earned,82
editor,82
expedition,82
fifth,82
files,82
invented,82
lake,82
musicians,82
ordinary,82
passage,82
purchase,82
railway,82
regard,82
satellite,82
strategic,82
thin,82
transferred,82
turns,82
union,82
camp,81
candidate,81
column,81
distinguish,81
entering,81
experiences,81
exports,81
funding,81
hearing,81
involve,81
layers,81
lifetime,81
logo,81
manufacturers,81
operational,81
organic,81
restaurants,81
retired,81
sale,81
signs,81
sounds,81
variable,81
closer,80
complexity,80
drawing,80
enjoyed,80
estate,80
farmers,80
generate,80
mixture,80
offices,80
proposal,80
radar,80
raise,80
regularly,80
statements,80
stood,80
trip,80
accompanied,79
alcohol,79
celebrated,79
convinced,79
employees,79
falls,79
finish,79
graphics,79
grounds,79
industries,79
maintenance,79
manager,79
mathematics,79
ownership,79
passenger,79
perspective,79
rail,79
reign,79
sleep,79
snow,79
tail,79
tanks,79
traditionally,79
von,79
actors,78
agriculture,78
applies,78
approval,78
attracted,78
award,78
clock,78
controls,78
depicted,78
disc,78
driving,78
engage,78
frequencies,78
hence,78
investigation,78
kinds,78
learn,78
ocean,78
piano,78
pitch,78
plastic,78
producers,78
racing,78
rising,78
slave,78
surfaces,78
surrounded,78
targets,78
thinking,78
virtually,78
web,78
chapter,77
circuits,77
covering,77
dating,77
driven,77
educational,77
eggs,77
fan,77
firing,77
fresh,77
indeed,77
label,77
lay,77
medicine,77
mining,77
notably,77
novels,77
pairs,77
poverty,77
quantities,77
ready,77
server,77
shorter,77
simultaneously,77
situations,77
spectrum,77
stopped,77
turning,77
variation,77
wealth,77
accuracy,76
argues,76
arrangement,76
atomic,76
bacteria,76
columns,76
conduct,76
contribution,76
creates,76
custom,76
delivery,76
demanded,76
dominant,76
exclusively,76
faced,76
forest,76
index,76
inflation,76
keeping,76
labour,76
measurement,76
occupied,76
planet,76
proportion,76
slavery,76
structural,76
teacher,76
volumes,76
winner,76
advertising,75
advice,75
airport,75
annually,75
arguments,75
armies,75
caught,75
colour,75
decrease,75
defensive,75
destroy,75
diet,75
difficulty,75
dispute,75
door,75
enemies,75
explanation,75
happened,75
honor,75
laid,75
legs,75
load,75
lose,75
meters,75
owners,75
p,75
partial,75
patient,75
protocol,75
quantity,75
radical,75
reactions,75
recovery,75
revenue,75
row,75
scheduled,75
settled,75
slowly,75
societies,75
starts,75
stores,75
theoretical,75
underlying,75
voting,75
agree,74
characterized,74
distances,74
drinking,74
fellow,74
illness,74
magic,74
millions,74
molecular,74
murder,74
observations,74
permission,74
reflect,74
seeking,74
telephone,74
abroad,73
artificial,73
banks,73
bringing,73
certainly,73
classification,73
collections,73
database,73
describing,73
dollars,73
fairly,73
gods,73
independently,73
looked,73
loop,73
mechanics,73
messages,73
philosophical,73
possession,73
rear,73
reverse,73
superior,73
tape,73
transformation,73
trend,73
villages,73
visitors,73
warning,73
aspect,72
buy,72
controversial,72
cooperation,72
creative,72
diverse,72
equally,72
express,72
formally,72
formerly,72
hired,72
homes,72
incident,72
judge,72
magnitude,72
master,72
miles,72
missiles,72
offering,72
passengers,72
perceived,72
plasma,72
publicly,72
referring,72
rely,72
remote,72
rivers,72
separation,72
stress,72
territories,72
twenty,72
voted,72
youth,72
axis,71
bear,71
bulk,71
compound,71
distinctive,71
editions,71
equations,71
execution,71
expand,71
firm,71
handle,71
heads,71
injury,71
lyrics,71
mirror,71
motor,71
museum,71
operators,71
optical,71
pointed,71
presidential,71
receiver,71
reliable,71
removal,71
replacement,71
restored,71
returns,71
revolution,71
sacred,71
singing,71
soft,71
sons,71
spacecraft,71
speeds,71
streets,71
thick,71
threatened,71
waste,71
worn,71
wounded,71
adjacent,70
afterwards,70
arm,70
beat,70
bed,70
biggest,70
calendar,70
composer,70
confusion,70
customers,70
default,70
definitions,70
diplomatic,70
divine,70
dominated,70
emerged,70
establishment,70
faces,70
gene,70
gone,70
hour,70
interpreted,70
league,70
marry,70
poems,70
processor,70
restrictions,70
reviews,70
roll,70
shaped,70
steam,70
switch,70
technologies,70
tribes,70
varying,70
vulnerable,70
wing,70
abstract,69
centers,69
concerning,69
consumer,69
controversy,69
cooking,69
decide,69
eaten,69
edited,69
exercise,69
filter,69
girls,69
gun,69
handling,69
intense,69
medieval,69
newspapers,69
phenomenon,69
pope,69
prayer,69
procedures,69
properly,69
ranging,69
rose,69
session,69
spending,69
stating,69
tissue,69
voters,69
website,69
adoption,68
alongside,68
attempting,68
aware,68
beam,68
believes,68
branches,68
civilian,68
contribute,68
courses,68
crystal,68
decay,68
denied,68
destination,68
differ,68
districts,68
drew,68
emphasis,68
everyone,68
guide,68
implement,68
improvements,68
ions,68
manufactured,68
notation,68
origins,68
partner,68
regardless,68
representative,68
stream,68
strictly,68
supporters,68
suspended,68
tends,68
therapy,68
wrong,68
addresses,67
aim,67
algorithms,67
behaviour,67
bond,67
brown,67
buried,67
cash,67
coastal,67
committee,67
consequences,67
contributions,67
dramatic,67
employment,67
factory,67
functional,67
gets,67
gravity,67
keys,67
measurements,67
mention,67
naturally,67
occasions,67
operates,67
opponents,67
painted,67
peoples,67
realized,67
regime,67
solo,67
sum,67
trained,67
warm,67
wine,67
wings,67
burned,66
comedy,66
compatible,66
complicated,66
consisted,66
crucial,66
duration,66
entertainment,66
explicitly,66
feeling,66
fly,66
hosted,66
lasted,66
literally,66
nitrogen,66
potentially,66
preserved,66
psychological,66
recognize,66
renamed,66
requested,66
selling,66
shipping,66
skill,66
tank,66
ties,66
variants,66
vocal,66
wider,66
acids,65
addressed,65
advantages,65
b,65
c,65
concentrated,65
credited,65
deployed,65
detail,65
displayed,65
dog,65
facility,65
flights,65
followers,65
hosts,65
influences,65
jurisdiction,65
justice,65
license,65
momentum,65
naval,65
nomination,65
profit,65
province,65
punishment,65
releases,65
relevant,65
resigned,65
retirement,65
retreat,65
shooting,65
suicide,65
talk,65
termed,65
virtual,65
alliance,64
array,64
arrival,64
artistic,64
boys,64
chamber,64
clothing,64
completion,64
connect,64
consequence,64
craft,64
cutting,64
defines,64
der,64
diagram,64
electromagnetic,64
enable,64
estimate,64
falling,64
fill,64
fruit,64
gathered,64
historically,64
insisted,64
integral,64
node,64
nominated,64
occasion,64
offensive,64
operator,64
parent,64
prevented,64
prisoners,64
repair,64
retain,64
rice,64
rings,64
samples,64
significance,64
sky,64
stayed,64
sufficiently,64
underground,64
vice,64
wedding,64
wheel,64
wish,64
wooden,64
acceptance,63
banned,63
bishops,63
bone,63
carrier,63
cattle,63
check,63
considerably,63
constantly,63
curve,63
dealing,63
democratic,63
dimensions,63
directions,63
draft,63
evening,63
familiar,63
fighter,63
generations,63
helps,63
indicates,63
indigenous,63
insurance,63
interference,63
liberal,63
maintaining,63
minority,63
moon,63
owner,63
phone,63
placing,63
precise,63
regulations,63
salt,63
shots,63
spin,63
sun,63
supposed,63
survey,63
unemployment,63
varieties,63
adults,62
bomb,62
consist,62
correspondence,62
difficulties,62
elaborate,62
embedded,62
environments,62
feed,62
governor,62
hear,62
heating,62
imported,62
imposed,62
meets,62
mix,62
molecule,62
mouth,62
opponent,62
permit,62
personality,62
phenomena,62
planets,62
promoted,62
psychology,62
quoted,62
repeatedly,62
reserves,62
residential,62
tables,62
tied,62
titled,62
travelled,62
vital,62
wins,62
admitted,61
agencies,61
agency,61
alive,61
appearances,61
arrive,61
capabilities,61
childhood,61
cinema,61
competing,61
constitutional,61
copper,61
defence,61
delay,61
drum,61
eat,61
entities,61
equilibrium,61
explains,61
firms,61
funeral,61
gift,61
headed,61
headquarters,61
holes,61
indicating,61
kings,61
la,61
manage,61
ministers,61
neutral,61
powered,61
primitive,61
rainfall,61
recordings,61
sending,61
shapes,61
shell,61
struck,61
taste,61
tourism,61
wavelength,61
wearing,61
aimed,60
architectural,60
ask,60
binding,60
brand,60
capability,60
challenges,60
client,60
coalition,60
cool,60
decreased,60
developments,60
empire,60
faculty,60
forth,60
friendship,60
identification,60
intellectual,60
leg,60
lesser,60
mail,60
opportunities,60
plain,60
reduces,60
relief,60
resource,60
scope,60
shares,60
stronger,60
variables,60
accident,59
aired,59
amongst,59
atom,59
bonds,59
calculated,59
canal,59
circular,59
coverage,59
customs,59
dated,59
delayed,59
dialects,59
exclusive,59
forests,59
gases,59
graduate,59
immigrants,59
involvement,59
journey,59
limitations,59
maintains,59
moderate,59
noun,59
nouns,59
participants,59
patent,59
prey,59
register,59
renewed,59
requirement,59
sixth,59
sole,59
traveled,59
tubes,59
van,59
variant,59
waiting,59
window,59
winds,59
yield,59
anniversary,58
attend,58
awards,58
colony,58
commissioned,58
compete,58
conclusion,58
contrary,58
crowd,58
depend,58
developers,58
devoted,58
displays,58
dynamic,58
emergency,58
emperor,58
fair,58
flag,58
god,58
grave,58
happen,58
hidden,58
horizontal,58
implies,58
infection,58
infinite,58
intention,58
locally,58
longest,58
minerals,58
modes,58
movies,58
neck,58
odd,58
originated,58
preparation,58
preserve,58
representatives,58
requiring,58
rubber,58
scored,58
statistical,58
struggle,58
studying,58
substances,58
surprise,58
traveling,58
truly,58
valuable,58
verse,58
violent,58
whatever,58
abilities,57
acted,57
adds,57
arrest,57
assault,57
automatically,57
baseball,57
cameras,57
cargo,57
catch,57
consecutive,57
corruption,57
defend,57
discipline,57
expanding,57
facts,57
filmed,57
glucose,57
grand,57
hall,57
happens,57
hoped,57
invention,57
jet,57
laser,57
mainstream,57
mere,57
minimal,57
portrayed,57
precision,57
promised,57
publications,57
respond,57
rooms,57
seeing,57
sphere,57
statistics,57
strip,57
submitted,57
supplied,57
sure,57
tested,57
watch,57
accomplished,56
actor,56
affects,56
alleged,56
alternate,56
appointment,56
arose,56
assume,56
availability,56
behalf,56
bid,56
borders,56
breaking,56
buses,56
cabinet,56
campaigns,56
capita,56
colonies,56
conceived,56
crops,56
crown,56
deemed,56
discrete,56
doubt,56
drama,56
dubbed,56
employ,56
farming,56
guilty,56
improvement,56
inherited,56
initiated,56
instances,56
integration,56
intervals,56
isolated,56
keyboard,56
mainland,56
matrix,56
mechanisms,56
oxidation,56
pilots,56
readers,56
receives,56
remainder,56
rival,56
rocket,56
ruling,56
scores,56
shock,56
sizes,56
spoke,56
spot,56
succession,56
teach,56
terrain,56
theology,56
tons,56
universities,56
vowels,56
weekly,56
amateur,55
assist,55
carries,55
casualties,55
cavalry,55
chemicals,55
chip,55
combinations,55
competitive,55
computing,55
consideration,55
considering,55
corner,55
crimes,55
departure,55
detect,55
divorce,55
drawings,55
driver,55
entrance,55
facing,55
founding,55
freely,55
giant,55
historian,55
holiday,55
ignored,55
imperial,55
instrumental,55
legislature,55
lift,55
manufacture,55
manuscript,55
metals,55
neighborhood,55
possess,55
prepare,55
prize,55
proven,55
railroad,55
ranked,55
ranks,55
raw,55
reader,55
reportedly,55
sees,55
segment,55
sequences,55
shore,55
stones,55
terminal,55
withdrew,55
acceptable,54
appearing,54
breeding,54
camps,54
coach,54
coal,54
communicate,54
conservative,54
counties,54
democracy,54
dioxide,54
disaster,54
diseases,54
economics,54
extending,54
formats,54
fusion,54
girl,54
injuries,54
lacked,54
marketing,54
membrane,54
metric,54
minute,54
negotiations,54
package,54
paint,54
partners,54
pictures,54
portrait,54
presents,54
rounds,54
saved,54
sensitive,54
tension,54
touch,54
wealthy,54
ages,53
agreements,53
altered,53
attract,53
audiences,53
beauty,53
beer,53
belt,53
boiling,53
castle,53
chains,53
civilians,53
collapse,53
commanded,53
cuts,53
deeply,53
documentary,53
effectiveness,53
escaped,53
excess,53
exhibit,53
expressions,53
extensively,53
fate,53
feelings,53
fighters,53
findings,53
flew,53
fragments,53
grid,53
inches,53
interactions,53
introduce,53
judicial,53
legacy,53
lie,53
metres,53
nodes,53
obvious,53
opposing,53
penalty,53
poet,53
presentation,53
publishing,53
reserve,53
sharp,53
simpler,53
smooth,53
tactics,53
tall,53
tended,53
theater,53
tower,53
treat,53
trust,53
unlikely,53
valley,53
vowel,53
worth,53
advances,52
angles,52
asks,52
assets,52
briefly,52
bright,52
chart,52
coffee,52
commercially,52
continuously,52
corporate,52
depression,52
dismissed,52
drives,52
dynasty,52
eliminated,52
enables,52
encountered,52
enforcement,52
engineers,52
enjoy,52
enormous,52
everyday,52
evolutionary,52
exhibition,52
fail,52
finance,52
framework,52
franchise,52
gap,52
internet,52
landscape,52
legend,52
marine,52
migration,52
mines,52
monthly,52
nucleus,52
occurring,52
physically,52
pop,52
provinces,52
racial,52
rational,52
sand,52
schedule,52
sessions,52
singles,52
situated,52
spend,52
strategies,52
suggesting,52
surrender,52
traits,52
trials,52
approached,51
arise,51
asking,51
avoided,51
bars,51
beings,51
bet,51
breaks,51
ceased,51
claiming,51
crossing,51
d,51
departments,51
descendants,51
detection,51
dimension,51
disorder,51
elite,51
export,51
fallen,51
fiber,51
fitted,51
flows,51
guidance,51
investors,51
jump,51
lasting,51
meanings,51
mutual,51
organ,51
organs,51
orientation,51
poorly,51
prohibited,51
recovered,51
religions,51
removing,51
respective,51
revolt,51
rocks,51
separately,51
settings,51
settlements,51
signature,51
submarines,51
synthesis,51
transform,51
tropical,51
unclear,51
visiting,51
absorbed,50
adaptation,50
ahead,50
altitude,50
attacking,50
automatic,50
bases,50
blues,50
census,50
chemistry,50
comprehensive,50
confidence,50
consumed,50
contest,50
dealt,50
deck,50
dense,50
dialogue,50
drivers,50
estimates,50
explosion,50
feared,50
flowers,50
friendly,50
genus,50
guest,50
intermediate,50
intervention,50
judgment,50
licensed,50
parks,50
parliament,50
personally,50
pollution,50
polynomial,50
ports,50
posts,50
powder,50
preventing,50
pronounced,50
pulled,50
pump,50
pursue,50
push,50
quick,50
registered,50
reserved,50
resolved,50
reveal,50
ritual,50
servants,50
sight,50
specification,50
succeed,50
surgery,50
tea,50
temple,50
temporarily,50
topic,50
unity,50
unsuccessful,50
updated,50
visits,50
warfare,50
worship,50
accurately,49
ban,49
belong,49
chips,49
coins,49
collective,49
colonial,49
consciousness,49
conservation,49
copyright,49
danger,49
dialect,49
disputed,49
distant,49
doors,49
drink,49
explicit,49
ill,49
jurisdictions,49
lens,49
logical,49
muscle,49
overseas,49
pool,49
privately,49
processors,49
publisher,49
purely,49
queen,49
recalled,49
regulation,49
rescue,49
sciences,49
settlers,49
sisters,49
smoke,49
solely,49
sophisticated,49
spite,49
stack,49
static,49
storm,49
subset,49
teachings,49
teeth,49
tobacco,49
transported,49
ultimate,49
utility,49
verb,49
vessel,49
accessible,48
acoustic,48
algebra,48
anywhere,48
architect,48
bread,48
brick,48
burn,48
chromosomes,48
closing,48
cognitive,48
commander,48
commented,48
comparable,48
concentrations,48
conflicts,48
considers,48
cooling,48
correctly,48
critic,48
cylinder,48
des,48
disputes,48
doctor,48
electoral,48
emissions,48
encourage,48
fat,48
favour,48
foods,48
harm,48
hits,48
humanity,48
intensity,48
linguistic,48
memorial,48
merchant,48
missing,48
nerve,48
ongoing,48
oral,48
orange,48
orchestra,48
outcome,48
parameters,48
permits,48
phases,48
praised,48
presidency,48
relied,48
residence,48
resolve,48
restore,48
scales,48
schemes,48
self,48
seriously,48
shifted,48
similarly,48
steady,48
suspected,48
switching,48
tendency,48
thereafter,48
totally,48
tourist,48
transformed,48
versus,48
walking,48
antenna,47
apartment,47
asserted,47
atmospheric,47
attributes,47
awareness,47
beach,47
bridges,47
burning,47
carefully,47
chair,47
clergy,47
controlling,47
criteria,47
crop,47
currency,47
deals,47
demonstrate,47
descriptions,47
discussions,47
emerging,47
emission,47
emotional,47
enabled,47
excellent,47
fame,47
fantasy,47
fled,47
forcing,47
fraction,47
functioning,47
guard,47
heated,47
helping,47
hybrid,47
improving,47
inhabitants,47
interval,47
libraries,47
lighting,47
looks,47
narrative,47
oath,47
panel,47
portions,47
proportional,47
provisions,47
rebels,47
recover,47
revolutionary,47
servers,47
shut,47
signing,47
statue,47
sword,47
telling,47
trains,47
willing,47
allies,46
archaeological,46
arithmetic,46
baby,46
bombing,46
brings,46
captain,46
circulation,46
clinical,46
commands,46
conjunction,46
connecting,46
continent,46
conventions,46
cycles,46
diversity,46
dramatically,46
dust,46
educated,46
emitted,46
encoding,46
exile,46
explosive,46
farm,46
filming,46
flour,46
forbidden,46
frames,46
funded,46
gates,46
grant,46
imprisoned,46
indirect,46
informed,46
interesting,46
ion,46
laboratory,46
landed,46
manufacturer,46
mature,46
nose,46
overcome,46
packet,46
partnership,46
philosophers,46
possessed,46
precisely,46
priority,46
processed,46
productions,46
publish,46
readily,46
revived,46
rivalry,46
segments,46
serial,46
seventh,46
shells,46
switched,46
theological,46
timing,46
wage,46
wars,46
wet,46
withdrawn,46
y,46
accordance,45
assumption,45
banking,45
bird,45
birthday,45
bishop,45
clothes,45
compositions,45
discuss,45
dozen,45
elevated,45
exceed,45
fails,45
feedback,45
fictional,45
filed,45
flood,45
focuses,45
fruits,45
governing,45
honour,45
institution,45
invested,45
item,45
jury,45
lighter,45
lights,45
mammals,45
nobility,45
occasional,45
participated,45
passive,45
peaceful,45
periodic,45
platforms,45
pleasure,45
professor,45
pushed,45
putting,45
reception,45
regulated,45
reinforced,45
revised,45
seed,45
shaft,45
sitting,45
smallest,45
soldier,45
submarine,45
sudden,45
survival,45
talent,45
tip,45
transmitted,45
uranium,45
walk,45
wished,45
worker,45
worse,45
aboard,44
acknowledged,44
allied,44
assistant,44
balls,44
battles,44
bearing,44
bears,44
bronze,44
carriers,44
cloud,44
commentary,44
concerts,44
construct,44
contracted,44
contracts,44
coup,44
destroying,44
divide,44
en,44
erected,44
essence,44
ethical,44
exceptions,44
excessive,44
expense,44
gay,44
grade,44
identifying,44
incorporate,44
ingredients,44
inspiration,44
inverse,44
investigate,44
loyalty,44
manuscripts,44
maps,44
matches,44
mentions,44
perception,44
plates,44
preceding,44
radius,44
ratings,44
reaches,44
reconstruction,44
reflection,44
responsibilities,44
reveals,44
revival,44
secured,44
sentenced,44
sfn,44
sheet,44
shops,44
sing,44
singer,44
sit,44
slower,44
suffer,44
teachers,44
tones,44
touchdown,44
tunnel,44
uncertain,44
victim,44
wore,44
worst,44
aged,43
ammunition,43
analog,43
blind,43
borrowed,43
bytes,43
cheaper,43
clay,43
clients,43
compromise,43
contents,43
definite,43
deliver,43
descent,43
desert,43
designer,43
di,43
disorders,43
documentation,43
dried,43
eating,43
emphasized,43
empirical,43
enabling,43
essay,43
establishing,43
expelled,43
facilitate,43
fed,43
fee,43
festivals,43
gaining,43
guests,43
handled,43
harsh,43
hill,43
hospitals,43
hotel,43
implications,43
impression,43
inheritance,43
injured,43
judges,43
labeled,43
leaf,43
masses,43
mild,43
muscles,43
panels,43
paths,43
politically,43
precipitation,43
predominantly,43
priests,43
projected,43
propaganda,43
proposals,43
punk,43
realm,43
reasonable,43
rebellion,43
replacing,43
requests,43
seal,43
sharing,43
stadium,43
stops,43
successor,43
tales,43
thrown,43
topics,43
torture,43
tournament,43
toxic,43
treatments,43
tribe,43
tries,43
unions,43
welfare,43
whilst,43
ad,42
adopt,42
arbitrary,42
athletes,42
basketball,42
biography,42
ceremonies,42
choices,42
coined,42
collaboration,42
competitions,42
composers,42
compression,42
conductor,42
continental,42
coordinate,42
counter,42
crash,42
desirable,42
disappeared,42
dose,42
dress,42
entity,42
examined,42
extensions,42
f,42
fingers,42
fund,42
gather,42
geometry,42
gross,42
habitat,42
happy,42
healthy,42
heaven,42
implementations,42
imports,42
jumping,42
legally,42
legislative,42
manual,42
meter,42
moments,42
mortality,42
navigation,42
navy,42
occupation,42
organism,42
parliamentary,42
planes,42
portable,42
predicted,42
pregnancy,42
prisoner,42
radioactive,42
relating,42
ride,42
rotating,42
rough,42
satellites,42
sustained,42
talks,42
thoughts,42
transit,42
travels,42
treaties,42
wait,42
walked,42
absorption,41
acquisition,41
actively,41
alphabet,41
animated,41
arrangements,41
attitude,41
attractive,41
battery,41
belonging,41
blow,41
cables,41
citizenship,41
colleges,41
compiled,41
consumers,41
contexts,41
corresponds,41
coupled,41
crossed,41
crystals,41
detected,41
directors,41
documented,41
dying,41
ease,41
equality,41
extraordinary,41
factions,41
factories,41
failing,41
finger,41
founder,41
graph,41
heavier,41
hierarchy,41
hills,41
hopes,41
horn,41
hull,41
interviews,41
layout,41
lunar,41
lying,41
machinery,41
margin,41
merchants,41
modification,41
modifications,41
monitor,41
myth,41
nervous,41
neutrons,41
observe,41
options,41
payment,41
philosopher,41
picked,41
pipe,41
polar,41
pregnant,41
programme,41
prompted,41
protest,41
raising,41
reactor,41
restoration,41
roof,41
sail,41
sentences,41
settle,41
severely,41
silent,41
spelling,41
suddenly,41
summary,41
swimming,41
symmetry,41
translations,41
travelling,41
vapor,41
virus,41
vocabulary,41
wavelengths,41
withdraw,41
withdrawal,41
abuse,40
accounting,40
affair,40
aggressive,40
appealed,40
artifacts,40
authorized,40
bias,40
bombs,40
boom,40
broadcasts,40
calculations,40
charts,40
commitment,40
confused,40
consent,40
conversation,40
counting,40
declaration,40
deeper,40
differential,40
dishes,40
dual,40
edges,40
enterprise,40
expert,40
filters,40
foundations,40
fraud,40
gate,40
gathering,40
grain,40
illustrations,40
intent,40
internationally,40
liver,40
measuring,40
merged,40
module,40
observers,40
onwards,40
payments,40
pp,40
pressed,40
printers,40
progressive,40
protocols,40
pull,40
qualities,40
rated,40
reflects,40
relatives,40
remarkable,40
resumed,40
sake,40
seasonal,40
seeds,40
select,40
slight,40
slot,40
steadily,40
traded,40
turbine,40
undergo,40
wages,40
wheat,40
accessed,39
aerial,39
al,39
ancestors,39
assassination,39
assessment,39
autonomy,39
autumn,39
balanced,39
bones,39
bow,39
broadcasting,39
chapters,39
civilization,39
clean,39
collect,39
colored,39
controller,39
derives,39
designers,39
enhance,39
enhanced,39
entries,39
evaluation,39
evident,39
examination,39
favorite,39
fever,39
friction,39
grows,39
harmonic,39
highway,39
ink,39
inputs,39
interact,39
lengthy,39
loans,39
loose,39
modules,39
nights,39
nominal,39
offspring,39
orbital,39
organised,39
outbreak,39
peaks,39
prayers,39
proclaimed,39
profile,39
promoting,39
protests,39
ranking,39
render,39
replied,39
romantic,39
sectors,39
seized,39
shallow,39
skilled,39
skull,39
specify,39
strikes,39
striking,39
substantially,39
theatrical,39
threats,39
ticket,39
tourists,39
trends,39
uncommon,39
undertaken,39
uniforms,39
windows,39
wishes,39
accommodate,38
accordingly,38
advised,38
alter,38
assumptions,38
attending,38
barrel,38
bell,38
bind,38
bonus,38
cavity,38
celebration,38
challenged,38
charter,38
chess,38
circles,38
citizen,38
closest,38
console,38
correspond,38
counted,38
currents,38
debut,38
decreases,38
defending,38
defining,38
derivative,38
derive,38
determining,38
differently,38
differs,38
dogs,38
ear,38
ecological,38
elevation,38
emergence,38
failures,38
farms,38
fission,38
flame,38
flavor,38
flexible,38
garden,38
gauge,38
generating,38
grammar,38
guaranteed,38
hostile,38
imaging,38
innovative,38
integer,38
intelligent,38
investments,38
journal,38
knows,38
leather,38
loyal,38
magazines,38
march,38
masters,38
mineral,38
monetary,38
monitoring,38
municipal,38
necessity,38
organisation,38
outstanding,38
palace,38
papal,38
pointing,38
preceded,38
predictions,38
prefer,38
prevents,38
profits,38
prototype,38
raids,38
rays,38
reads,38
reasoning,38
relativity,38
rifle,38
ruler,38
secretly,38
shoes,38
sponsored,38
stamp,38
strain,38
tale,38
targeted,38
thirty,38
tie,38
twentieth,38
unified,38
virtue,38
wants,38
acquire,37
amino,37
applying,37
arguing,37
arrow,37
averages,37
biology,37
celebrate,37
coat,37
colleagues,37
combine,37
comics,37
commanders,37
comments,37
credits,37
damaging,37
daughters,37
deliberately,37
demanding,37
derivatives,37
differing,37
diminished,37
discharge,37
domains,37
drag,37
dream,37
elder,37
elderly,37
emerge,37
erosion,37
examine,37
extends,37
extract,37
facto,37
fatal,37
fires,37
gear,37
grass,37
hunt,37
immune,37
informal,37
insufficient,37
intact,37
keeps,37
knowing,37
lacking,37
marriages,37
numbered,37
objectives,37
observer,37
occupy,37
offense,37
overhead,37
passages,37
photographs,37
practiced,37
preference,37
prefix,37
privileges,37
recognised,37
rendered,37
resident,37
rhythm,37
satisfied,37
scattered,37
scholarly,37
secular,37
solve,37
span,37
spirits,37
streams,37
strips,37
successive,37
sunlight,37
technically,37
temples,37
testimony,37
thrust,37
topology,37
touring,37
transactions,37
triangle,37
voices,37
wheels,37
whereby,37
wireless,37
adjusted,36
aims,36
announcement,36
answers,36
attendance,36
axiom,36
ballot,36
bandwidth,36
beneath,36
cluster,36
clusters,36
commit,36
compensation,36
consequently,36
consistently,36
convenient,36
councils,36
cream,36
cult,36
dancing,36
deceased,36
diagnosis,36
discrimination,36
eldest,36
enforce,36
engineer,36
enters,36
ethics,36
fabric,36
favored,36
filling,36
finishing,36
floating,36
freight,36
functionality,36
geographical,36
gravitational,36
guarantee,36
heir,36
horizontally,36
hotels,36
inexpensive,36
isotopes,36
legitimate,36
manipulation,36
mayor,36
mile,36
mine,36
mixing,36
modest,36
mouse,36
museums,36
myths,36
newer,36
operas,36
opinions,36
outdoor,36
perfectly,36
performs,36
permanently,36
pick,36
predict,36
printer,36
provision,36
qualified,36
registers,36
reliability,36
resemble,36
responses,36
risks,36
rulers,36
seemingly,36
sheep,36
siege,36
spare,36
stem,36
thickness,36
tiny,36
tours,36
trigger,36
trouble,36
venues,36
viewers,36
weekend,36
wisdom,36
yields,36
advent,35
ambiguous,35
aside,35
assembled,35
assisted,35
brass,35
calculate,35
chambers,35
coding,35
coin,35
completing,35
consensus,35
constraints,35
contributing,35
cooked,35
cricket,35
cultivated,35
customer,35
demonstration,35
determines,35
doctors,35
dollar,35
dominance,35
doubled,35
drove,35
editing,35
electronics,35
eliminate,35
engagement,35
ensuing,35
favorable,35
flexibility,35
golden,35
gradual,35
immigration,35
induction,35
inherent,35
journalists,35
justified,35
melting,35
mobility,35
musician,35
neighboring,35
notice,35
performers,35
polarization,35
poles,35
practitioners,35
preparing,35
preservation,35
prevalent,35
proceedings,35
pursued,35
realism,35
representations,35
retail,35
reversed,35
rigid,35
scoring,35
sculpture,35
sealed,35
sensor,35
sharply,35
sheets,35
shifting,35
shop,35
shopping,35
sovereignty,35
stance,35
standardized,35
suited,35
suspect,35
syntax,35
tactical,35
talking,35
terminology,35
tight,35
united,35
unprecedented,35
vegetables,35
vegetation,35
wake,35
wound,35
accounted,34
activated,34
adventure,34
afford,34
ancestry,34
anticipated,34
arrows,34
assumes,34
attraction,34
births,34
blacks,34
canceled,34
careful,34
carved,34
cathode,34
cellular,34
chocolate,34
choosing,34
chronic,34
clouds,34
collectively,34
combustion,34
companion,34
compiler,34
condemned,34
consistency,34
constructing,34
cuisine,34
cup,34
curves,34
decreasing,34
defended,34
delays,34
delegates,34
determination,34
discover,34
drums,34
enacted,34
encouraging,34
expect,34
experts,34
feeding,34
fifty,34
fiscal,34
g,34
geographic,34
gifts,34
guards,34
handed,34
handful,34
happiness,34
harmony,34
hide,34
illustrated,34
impressed,34
imprisonment,34
infections,34
investigated,34
kills,34
latest,34
lecture,34
lifted,34
limiting,34
lit,34
livestock,34
loses,34
managing,34
martial,34
medal,34
naked,34
nickname,34
nobles,34
northwest,34
ordering,34
organize,34
oxide,34
persuaded,34
photography,34
physician,34
plague,34
posted,34
pounds,34
pressures,34
promise,34
receptor,34
relay,34
riding,34
rolling,34
rows,34
safely,34
sailed,34
scientist,34
seeks,34
sensitivity,34
simplified,34
socially,34
soils,34
solved,34
specialist,34
storms,34
subjected,34
swing,34
symbolic,34
syndrome,34
telecommunications,34
threw,34
tongue,34
trucks,34
urged,34
validity,34
valve,34
viewing,34
voyage,34
width,34
zones,34
absolutely,33
absorb,33
actress,33
adequate,33
allegedly,33
amplitude,33
arc,33
arriving,33
assuming,33
backing,33
badly,33
barrier,33
battlefield,33
belongs,33
blade,33
boards,33
breakdown,33
breed,33
cement,33
centres,33
charity,33
citing,33
clocks,33
cloth,33
cm,33
competitors,33
confined,33
considerations,33
constitute,33
contacts,33
corporations,33
counts,33
creatures,33
curriculum,33
diabetes,33
diamonds,33
discoveries,33
dish,33
dissolved,33
donated,33
draws,33
dressed,33
energetic,33
enterprises,33
explanations,33
explore,33
exterior,33
finest,33
flash,33
flesh,33
footage,33
forever,33
fort,33
governed,33
grains,33
graphic,33
heritage,33
inch,33
infected,33
innovation,33
inserted,33
invaded,33
isolation,33
locked,33
loops,33
magical,33
marched,33
murdered,33
neurons,33
obsolete,33
orbits,33
photo,33
politicians,33
pot,33
premiere,33
priest,33
prints,33
proceeds,33
prone,33
reflecting,33
refuses,33
registration,33
relate,33
relies,33
reluctant,33
resignation,33
resist,33
scholar,33
sends,33
sensation,33
shipped,33
shoot,33
silicon,33
simulation,33
sin,33
ski,33
spreading,33
staged,33
subtle,33
supplement,33
technological,33
texture,33
unexpected,33
unstable,33
upgraded,33
valued,33
verbs,33
videos,33
weakened,33
abandon,32
achievement,32
administered,32
admits,32
adverse,32
allocated,32
amendment,32
ancestor,32
armor,32
autonomous,32
barriers,32
bitter,32
button,32
buying,32
canon,32
cartridge,32
champion,32
cheap,32
clause,32
coefficient,32
coil,32
combining,32
competed,32
comprised,32
conceptual,32
concludes,32
condita,32
consonants,32
contemporaries,32
contested,32
corps,32
defenses,32
dies,32
drinks,32
egg,32
elementary,32
encounter,32
enzymes,32
excluded,32
exercises,32
exploration,32
extinction,32
faithful,32
focusing,32
folded,32
fossil,32
gains,32
genres,32
geometric,32
gray,32
grey,32
harder,32
hardly,32
helicopter,32
hip,32
homosexual,32
horizon,32
inland,32
insects,32
instant,32
interpret,32
joining,32
lectures,32
lifestyle,32
loan,32
meal,32
minds,32
missed,32
neighborhoods,32
nuclei,32
obscure,32
odds,32
owing,32
pace,32
paying,32
peasants,32
planted,32
playoffs,32
pole,32
populated,32
potassium,32
profession,32
pushing,32
ratified,32
rating,32
realistic,32
reporter,32
reporting,32
rider,32
routine,32
saints,32
similarities,32
sorts,32
speaker,32
speculation,32
stocks,32
stolen,32
studios,32
suburbs,32
summit,32
theaters,32
throw,32
thumb,32
timber,32
tissues,32
trapped,32
urbe,32
victories,32
warned,32
weaker,32
abolished,31
absent,31
achievements,31
advocated,31
afternoon,31
aging,31
amplifier,31
angry,31
animation,31
bills,31
blades,31
bombers,31
cache,31
chairman,31
concentrate,31
conclude,31
conferences,31
congregations,31
coordinates,31
cotton,31
criticised,31
cultivation,31
dances,31
declare,31
decorated,31
deficit,31
del,31
depicting,31
deployment,31
disabled,31
disappear,31
dreams,31
du,31
eleven,31
execute,31
expressing,31
fees,31
fibers,31
fifteen,31
firearms,31
flower,31
folklore,31
genuine,31
governance,31
holy,31
humidity,31
incomplete,31
inferior,31
inform,31
injection,31
insulin,31
integers,31
integrate,31
introducing,31
jumps,31
junior,31
kg,31
lakes,31
lengths,31
marketed,31
memories,31
modulation,31
moisture,31
monasteries,31
multiplication,31
networking,31
noble,31
omitted,31
openly,31
optimal,31
organisations,31
oriented,31
overwhelming,31
passion,31
photograph,31
pride,31
projection,31
protagonist,31
protective,31
provincial,31
proximity,31
ratios,31
rectangular,31
regulate,31
rejects,31
releasing,31
resistant,31
revenge,31
sampling,31
shoulder,31
singular,31
sleeping,31
spectators,31
stake,31
stretch,31
stroke,31
systematic,31
tensions,31
tenure,31
territorial,31
tiles,31
trail,31
transparent,31
tribute,31
trick,31
truck,31
underwent,31
v,31
vectors,31
whenever,31
whites,31
witnessed,31
youngest,31
aesthetic,30
algebraic,30
anatomy,30
anxiety,30
approximate,30
approximation,30
associations,30
batteries,30
behaviors,30
beta,30
bigger,30
bonding,30
boost,30
brilliant,30
broader,30
browser,30
calculating,30
certified,30
cf,30
coastline,30
collaborated,30
comment,30
commodity,30
communist,30
compatibility,30
conquest,30
container,30
continuity,30
copied,30
counterparts,30
decides,30
desires,30
diamond,30
digits,30
displaced,30
displacement,30
dominate,30
dot,30
dozens,30
efficiently,30
elect,30
eligible,30
explaining,30
exported,30
flee,30
fortune,30
forty,30
fun,30
generates,30
golf,30
grants,30
guided,30
habits,30
hop,30
horror,30
implied,30
impose,30
impressive,30
incorrect,30
inducted,30
investigations,30
journals,30
labels,30
lawyer,30
likelihood,30
log,30
loosely,30
matching,30
ministry,30
mistake,30
mutations,30
naming,30
neighbouring,30
occurrence,30
onset,30
ozone,30
parade,30
participating,30
patents,30
patrol,30
peers,30
planetary,30
preliminary,30
productive,30
promotion,30
proportions,30
protons,30
publicity,30
questioned,30
quiet,30
quote,30
rape,30
readings,30
recognizes,30
refugees,30
regards,30
reunited,30
riders,30
rituals,30
rope,30
routing,30
sacrifice,30
sailing,30
sodium,30
spontaneous,30
streak,30
strengthened,30
stripped,30
struggled,30
submerged,30
survivors,30
syllables,30
tomb,30
traced,30
uncertainty,30
unrelated,30
utilized,30
venue,30
warriors,30
wholly,30
acceleration,29
addressing,29
alien,29
answered,29
applicable,29
armour,29
automated,29
beans,29
belonged,29
blocked,29
bomber,29
boxes,29
brake,29
celestial,29
championships,29
collecting,29
compare,29
conclusions,29
conscious,29
conspiracy,29
cosmic,29
countryside,29
cruise,29
crust,29
damages,29
declining,29
denote,29
depiction,29
destructive,29
disagreement,29
distinctions,29
distributions,29
downward,29
ears,29
encounters,29
envelope,29
essays,29
estates,29
exceeded,29
expenses,29
fake,29
farther,29
fertile,29
flown,29
formations,29
freed,29
hereditary,29
heroes,29
hitting,29
honored,29
honors,29
humor,29
imagery,29
imaginary,29
imagination,29
inclusion,29
indication,29
initiative,29
judged,29
lateral,29
loaded,29
luxury,29
makers,29
manipulate,29
massacre,29
mate,29
meals,29
microwave,29
monarchy,29
mood,29
motivated,29
nationwide,29
painful,29
phrases,29
pin,29
plural,29
predecessors,29
privacy,29
programmes,29
proving,29
publishers,29
pumps,29
purple,29
react,29
receivers,29
recruited,29
relates,29
relocated,29
reproduction,29
revenues,29
revision,29
reward,29
rivals,29
salts,29
salvation,29
saving,29
secretary,29
sick,29
silence,29
slope,29
slowed,29
speeches,29
statute,29
strongest,29
subjective,29
supernatural,29
susceptible,29
sustain,29
syllable,29
tariff,29
tennis,29
terrorist,29
thanks,29
threshold,29
tough,29
tournaments,29
triple,29
twin,29
undergraduate,29
upgrade,29
vitamin,29
voluntary,29
accepting,28
acute,28
aggression,28
airports,28
aluminium,28
architects,28
arguably,28
arrives,28
aviation,28
bay,28
burden,28
burial,28
calculation,28
canonical,28
capturing,28
celebrations,28
centered,28
ceremonial,28
certificate,28
chord,28
chords,28
climb,28
collapsed,28
combines,28
complained,28
comprising,28
connects,28
conquered,28
consonant,28
convince,28
couples,28
crowned,28
defendant,28
defenders,28
descended,28
devised,28
diesel,28
dinner,28
earning,28
earthquake,28
enforced,28
ensuring,28
expertise,28
explored,28
extraction,28
farmer,28
fault,28
ferry,28
firmly,28
freezing,28
genome,28
goddess,28
grades,28
grandfather,28
highways,28
households,28
hub,28
indirectly,28
infant,28
infrared,28
institutional,28
juice,28
k,28
lacks,28
lamps,28
leagues,28
legends,28
literal,28
loads,28
loved,28
managers,28
manages,28
mandatory,28
masculine,28
metropolitan,28
myself,28
negotiate,28
negotiated,28
nephew,28
nineteenth,28
noticed,28
numerical,28
obligations,28
occupying,28
optional,28
packages,28
paradox,28
petition,28
phones,28
phosphate,28
possessions,28
possibilities,28
praise,28
predecessor,28
pressing,28
professionals,28
quarterback,28
quarters,28
receptors,28
referendum,28
regulatory,28
remarked,28
republic,28
respected,28
retaining,28
rhythmic,28
rounded,28
scandal,28
sediment,28
sexuality,28
shifts,28
simultaneous,28
sketch,28
slide,28
soap,28
southwest,28
spatial,28
speaks,28
specimens,28
spectral,28
speculated,28
stationary,28
stick,28
submit,28
sung,28
supreme,28
surrendered,28
tallest,28
tenth,28
throwing,28
till,28
toll,28
topological,28
towers,28
transmissions,28
treating,28
treatise,28
upward,28
versa,28
violin,28
viruses,28
voltages,28
warrant,28
yeast,28
abortion,27
accidentally,27
accidents,27
adjustment,27
admission,27
airborne,27
albeit,27
alpha,27
analyzed,27
attitudes,27
attribute,27
autobiography,27
basically,27
beef,27
bore,27
breach,27
byte,27
cabin,27
chaos,27
checked,27
chest,27
cocaine,27
colours,27
commenced,27
commerce,27
consume,27
contamination,27
convicted,27
correction,27
costly,27
debated,27
desktop,27
destinations,27
disposal,27
divorced,27
drops,27
earn,27
eliminating,27
email,27
emotions,27
energies,27
epic,27
eventual,27
exhibits,27
exploit,27
feminine,27
floors,27
formulation,27
generator,27
guitars,27
hat,27
helicopters,27
hero,27
hollow,27
housed,27
hypotheses,27
immense,27
import,27
inscription,27
integrity,27
interfaces,27
jointly,27
joy,27
knee,27
knight,27
lamp,27
liberty,27
lungs,27
marking,27
merger,27
metabolic,27
monopoly,27
mounting,27
nearest,27
negatively,27
nevertheless,27
nm,27
norm,27
objected,27
ought,27
packets,27
paved,27
pen,27
photons,27
postal,27
predators,27
prince,27
probe,27
profound,27
prolonged,27
protecting,27
providers,27
raid,27
ray,27
rebuilt,27
recreational,27
referenced,27
remembered,27
rhetoric,27
rushing,27
seas,27
seldom,27
servant,27
sketches,27
smell,27
southeast,27
specifications,27
strains,27
successors,27
sulfur,27
superiority,27
suppressed,27
surprised,27
sweet,27
telegraph,27
terrestrial,27
threatening,27
trace,27
traders,27
tragedy,27
trails,27
treason,27
tune,27
unchanged,27
undertook,27
unhappy,27
universally,27
unnecessary,27
unusually,27
upwards,27
valves,27
verses,27
veterans,27
warmer,27
watched,27
wires,27
abbreviated,26
abundant,26
adopting,26
aftermath,26
aided,26
airline,26
aligned,26
alike,26
allegations,26
artwork,26
assassinated,26
astronomical,26
astronomy,26
backed,26
basin,26
breathing,26
bull,26
busy,26
calculus,26
cartoon,26
cent,26
challenging,26
climates,26
coefficients,26
comfortable,26
compensate,26
compulsory,26
conducting,26
continuation,26
corrected,26
correlation,26
cubic,26
cylindrical,26
darker,26
debts,26
decisive,26
deny,26
depleted,26
designing,26
dice,26
disciplines,26
dispersed,26
distortion,26
dome,26
ecclesiastical,26
ecosystems,26
eliminates,26
encoded,26
ensemble,26
ensures,26
entirety,26
enzyme,26
evaluate,26
excluding,26
executions,26
exiled,26
exit,26
fertility,26
fights,26
flowing,26
foreigners,26
galaxies,26
genius,26
governmental,26
graduated,26
hiding,26
ideals,26
implementing,26
incidents,26
inefficient,26
informally,26
irrigation,26
journalist,26
lawsuit,26
lessons,26
likewise,26
linguistics,26
lock,26
migrated,26
minimize,26
mistaken,26
monastery,26
moons,26
mothers,26
norms,26
nutrients,26
pad,26
positioned,26
problematic,26
proceeded,26
productivity,26
programmers,26
promises,26
pronunciation,26
proposition,26
prose,26
pursuit,26
refuge,26
reject,26
remarks,26
repeat,26
repertoire,26
rises,26
rotor,26
salary,26
satisfy,26
scarce,26
semantic,26
sensors,26
sequel,26
shortage,26
sovereign,26
sperm,26
sporting,26
squares,26
substitute,26
suggestion,26
sums,26
supposedly,26
sweep,26
tariffs,26
telescope,26
temporal,26
thread,26
threads,26
tolerance,26
transitions,26
unconscious,26
und,26
undergoing,26
vibration,26
viral,26
winters,26
abbreviation,25
abundance,25
accelerated,25
adapt,25
adventures,25
affecting,25
afraid,25
aggregate,25
airlines,25
altogether,25
appeals,25
appoint,25
appreciated,25
averaged,25
backwards,25
ballistic,25
beaten,25
bets,25
bison,25
blamed,25
bullets,25
butter,25
calcium,25
cancelled,25
cap,25
cartoons,25
casting,25
ceramic,25
collision,25
comparing,25
complications,25
comprises,25
computed,25
conception,25
coordinated,25
customary,25
decimal,25
declaring,25
degradation,25
deities,25
depended,25
deposited,25
deposits,25
depressed,25
drought,25
economies,25
emphasize,25
encrypted,25
endangered,25
endorsed,25
enlisted,25
enrolled,25
establishes,25
exceptional,25
excited,25
exercised,25
exhausted,25
extant,25
famine,25
fitness,25
formulas,25
fourteen,25
gardens,25
genera,25
generic,25
globe,25
grace,25
grammatical,25
granite,25
harbour,25
helium,25
homosexuality,25
impacts,25
incorporating,25
insight,25
intellectuals,25
intentions,25
interceptions,25
interfere,25
interpretations,25
intersection,25
irregular,25
jaw,25
kick,25
killer,25
kinetic,25
lease,25
legendary,25
liberation,25
licensing,25
liked,25
limbs,25
listing,25
luck,25
marker,25
mating,25
methodology,25
midnight,25
migrate,25
militia,25
ninth,25
obligation,25
observing,25
opens,25
ordained,25
outlined,25
pedal,25
perceive,25
perimeter,25
persuade,25
photos,25
pose,25
propulsion,25
prosecution,25
proton,25
pulse,25
puts,25
railroads,25
reactors,25
refined,25
reinforcements,25
remember,25
renowned,25
resign,25
restaurant,25
risen,25
rites,25
ruins,25
safer,25
sailors,25
sat,25
screw,25
scripts,25
searching,25
shield,25
shortages,25
slots,25
smoking,25
socialist,25
specialty,25
steep,25
stems,25
stomach,25
strange,25
struggles,25
subordinate,25
surgical,25
suspension,25
synthetic,25
tens,25
terminals,25
termination,25
thesis,25
touchdowns,25
transfers,25
transmit,25
tuning,25
uncle,25
underwater,25
upright,25
upset,25
valleys,25
venture,25
viable,25
violation,25
voiced,25
void,25
wears,25
weights,25
welcomed,25
widow,25
wines,25
witness,25
witnesses,25
wrapped,25
yard,25
yearly,25
accompanying,24
accumulated,24
achieving,24
activation,24
adaptations,24
affiliated,24
agenda,24
agrees,24
ambiguity,24
anode,24
anonymous,24
apparatus,24
archive,24
arrays,24
athletic,24
attorney,24
axes,24
backs,24
backward,24
barely,24
beams,24
bilateral,24
bottle,24
breast,24
brigade,24
brightness,24
cannon,24
captivity,24
cartridges,24
cat,24
championship,24
cheese,24
chooses,24
collectors,24
committees,24
compilation,24
complaints,24
concessions,24
convergence,24
converting,24
cousin,24
crowds,24
cube,24
curved,24
databases,24
deliberate,24
demographic,24
develops,24
deviation,24
diffusion,24
directing,24
disks,24
disliked,24
dive,24
domesticated,24
dropping,24
editors,24
eighteen,24
elimination,24
embarked,24
enlarged,24
enthusiasm,24
enthusiasts,24
escapes,24
eternal,24
everywhere,24
exploited,24
extinct,24
favoured,24
furniture,24
generals,24
grip,24
hanging,24
hate,24
horns,24
hypothetical,24
imagined,24
incoming,24
instability,24
intervene,24
invisible,24
keen,24
kernel,24
kingdoms,24
lab,24
learns,24
limb,24
limestone,24
literacy,24
mapping,24
marginal,24
medications,24
melody,24
miners,24
monitored,24
mutation,24
mythology,24
nationalist,24
negotiation,24
neutron,24
nonetheless,24
paired,24
parameter,24
patch,24
peaked,24
periodically,24
peripheral,24
pink,24
platinum,24
plots,24
pointer,24
polls,24
precedent,24
prediction,24
prescribed,24
princes,24
proceed,24
promising,24
punished,24
quest,24
quit,24
ranged,24
realised,24
rebuilding,24
recipient,24
refusal,24
reply,24
reprinted,24
republican,24
reside,24
restrict,24
reviewed,24
robot,24
robust,24
rolled,24
sauce,24
scan,24
seals,24
senses,24
shorts,24
simplest,24
specially,24
splitting,24
stamps,24
starring,24
staying,24
successes,24
swept,24
switches,24
t,24
taxation,24
thinks,24
thoroughly,24
tidal,24
trademark,24
transaction,24
transistor,24
transmitter,24
tribal,24
tricks,24
triggered,24
triumph,24
ultraviolet,24
unofficial,24
vendors,24
vertically,24
volcanic,24
warming,24
worlds,24
accumulation,23
activists,23
adjective,23
ally,23
analogous,23
analogy,23
anger,23
anime,23
arises,23
attain,23
authentic,23
avoiding,23
bacterial,23
beaches,23
beads,23
biographer,23
blend,23
brands,23
burst,23
calm,23
certification,23
circa,23
cites,23
climbing,23
cockpit,23
commodities,23
compliance,23
compromised,23
computation,23
computational,23
congregation,23
consoles,23
constituent,23
constitutes,23
convenience,23
convex,23
convey,23
cooler,23
cord,23
corpse,23
counsel,23
creator,23
creature,23
crews,23
cruisers,23
cure,23
custody,23
da,23
darkness,23
dawn,23
debris,23
decorative,23
deer,23
defects,23
depicts,23
deposit,23
developmental,23
dictionary,23
differentiate,23
diffraction,23
digit,23
disadvantage,23
disbanded,23
dividing,23
domination,23
doubts,23
drafted,23
drunk,23
dynamics,23
emperors,23
employee,23
exceeding,23
exclusion,23
expectations,23
fatalities,23
fatty,23
fuselage,23
geological,23
govern,23
guilt,23
hash,23
hell,23
helpful,23
holder,23
identities,23
ideology,23
ignorance,23
impulse,23
indoor,23
initiate,23
initiation,23
instituted,23
instructed,23
interrupted,23
justify,23
kit,23
knights,23
laborers,23
lawyers,23
leisure,23
lesbian,23
licence,23
licenses,23
lifting,23
lightweight,23
lineup,23
lung,23
marching,23
maritime,23
mask,23
mathematicians,23
merge,23
microprocessor,23
missionaries,23
mistakes,23
motivation,23
mountainous,23
municipalities,23
municipality,23
nationalism,23
neighbors,23
neighbourhood,23
northeast,23
obey,23
organizing,23
outcomes,23
outward,23
pan,23
pendulum,23
pension,23
perpendicular,23
persistent,23
petroleum,23
poorer,23
practically,23
presenting,23
prevailing,23
probable,23
proverbs,23
pulling,23
realize,23
recommendations,23
reconciliation,23
recurring,23
refuse,23
rent,23
rigorous,23
riots,23
rooted,23
screening,23
screenplay,23
selective,23
semiconductor,23
sentiment,23
shortened,23
signaling,23
solvent,23
solving,23
spaced,23
squadron,23
stationed,23
structured,23
sustainable,23
sworn,23
teaches,23
terrible,23
tired,23
tunnels,23
uniformly,23
unpopular,23
unreliable,23
urine,23
variance,23
volunteers,23
watching,23
weighed,23
whales,23
wives,23
wool,23
wounds,23
accent,22
accession,22
additions,22
adjust,22
administrator,22
advancing,22
advertisement,22
allegiance,22
allocation,22
ammonia,22
analyze,22
angel,22
archaic,22
assert,22
asset,22
backgrounds,22
bag,22
baptism,22
beds,22
beneficial,22
benefited,22
biblical,22
burns,22
careers,22
catalogue,22
cathedral,22
cats,22
ceiling,22
charging,22
chemist,22
clarity,22
closure,22
collector,22
colonization,22
complement,22
composite,22
confrontation,22
congestion,22
constituted,22
containers,22
contention,22
converts,22
corners,22
corporation,22
counterpart,22
critically,22
daylight,22
dealer,22
deity,22
delegation,22
denominations,22
denoted,22
dependence,22
depict,22
destined,22
differentiation,22
dignity,22
disciples,22
discovers,22
diving,22
duet,22
duplicate,22
ecology,22
economically,22
ejected,22
embraced,22
emotion,22
equals,22
exceeds,22
executing,22
exerted,22
exhaust,22
exotic,22
explosives,22
expresses,22
extracted,22
feudal,22
financed,22
flooding,22
founders,22
frozen,22
ft,22
fulfill,22
fungi,22
galaxy,22
gallery,22
generalized,22
generators,22
glasses,22
globally,22
heading,22
healthcare,22
hockey,22
honorary,22
humorous,22
humour,22
iconic,22
identifies,22
imagine,22
incorporates,22
individually,22
infancy,22
inhabited,22
innovations,22
installation,22
instantly,22
intensive,22
interactive,22
interim,22
isotope,22
kitchen,22
lady,22
lasts,22
lifelong,22
lifespan,22
listening,22
loading,22
magnificent,22
markedly,22
matched,22
mid,22
minorities,22
modify,22
monarch,22
monument,22
mud,22
multiplied,22
nerves,22
neural,22
offence,22
offerings,22
offset,22
outline,22
owns,22
pants,22
parking,22
physicians,22
plantation,22
plea,22
pleased,22
poison,22
portraits,22
portray,22
portrayal,22
positively,22
pottery,22
pound,22
preparations,22
presses,22
probabilities,22
proprietary,22
qualification,22
reconstructed,22
recorder,22
repairs,22
repeating,22
residual,22
retire,22
revealing,22
rifles,22
runway,22
samurai,22
sanctions,22
satire,22
scattering,22
scenario,22
scholarship,22
sensory,22
shoots,22
shrine,22
sixteen,22
southeastern,22
springs,22
statues,22
stays,22
strengthen,22
substituted,22
suite,22
summers,22
surname,22
tapes,22
tense,22
tertiary,22
torpedo,22
toured,22
tributaries,22
undergone,22
verify,22
vicinity,22
visibility,22
vocals,22
voter,22
wartime,22
weakness,22
whale,22
winding,22
winners,22
wise,22
wolf,22
workforce,22
abolition,21
accents,21
acclaim,21
accompany,21
acquitted,21
additive,21
adhere,21
affinity,21
affordable,21
alarm,21
altitudes,21
ambitious,21
ancestral,21
aperture,21
associate,21
associates,21
barrels,21
beating,21
bin,21
bipolar,21
blessing,21
boiled,21
bold,21
brakes,21
buffer,21
bullet,21
cake,21
chicken,21
cipher,21
coincide,21
comprise,21
confirm,21
conflicting,21
confronted,21
contingent,21
conveyed,21
conviction,21
corrupt,21
costume,21
crashed,21
crushed,21
dancers,21
dedication,21
deeds,21
delivering,21
demonstrates,21
deposed,21
destroyers,21
devotion,21
dielectric,21
dining,21
discontinued,21
discouraged,21
discs,21
dispatched,21
drain,21
drained,21
dwarf,21
earnings,21
economists,21
eighth,21
employers,21
entropy,21
evacuated,21
evaluated,21
exchanged,21
exchanges,21
exclude,21
exhibited,21
exploitation,21
exponential,21
fairy,21
faults,21
favourite,21
feels,21
financially,21
floppy,21
fold,21
forum,21
franchises,21
fur,21
gaming,21
glory,21
governors,21
granting,21
graves,21
grooves,21
guidelines,21
habit,21
halls,21
halt,21
harvest,21
hazards,21
healing,21
histories,21
hunger,21
hunted,21
illustration,21
impedance,21
implicit,21
inability,21
incompatible,21
induced,21
inscriptions,21
intake,21
intercourse,21
intrinsic,21
inventor,21
inversion,21
kilometers,21
lanes,21
latitude,21
lattice,21
legions,21
mandate,21
mankind,21
manned,21
manners,21
maybe,21
mercury,21
missionary,21
monastic,21
morality,21
mysterious,21
namely,21
nasal,21
nationally,21
nicknamed,21
nowadays,21
nut,21
opium,21
optimization,21
orchestral,21
orthodox,21
ostensibly,21
penalties,21
phosphorus,21
photographed,21
physiological,21
pioneer,21
pixel,21
plaque,21
poets,21
poll,21
pork,21
practicing,21
presumably,21
prevalence,21
procession,21
progression,21
protesters,21
pulses,21
pupils,21
quantitative,21
racism,21
rap,21
recall,21
recession,21
refusing,21
regiment,21
regiments,21
rejection,21
resembles,21
resolutions,21
resonance,21
restoring,21
resume,21
reunion,21
rotate,21
routers,21
runner,21
screens,21
shed,21
silk,21
sits,21
slopes,21
sometime,21
specifies,21
specimen,21
starvation,21
steal,21
sticks,21
strengths,21
stuck,21
substrate,21
suburban,21
suffrage,21
supervised,21
sympathetic,21
tag,21
takeover,21
talents,21
tightly,21
tile,21
token,21
tonnes,21
topped,21
torque,21
touched,21
toxicity,21
transformations,21
treasury,21
unavailable,21
uprising,21
verified,21
walks,21
wax,21
websites,21
wherever,21
accidental,20
acclaimed,20
accusations,20
acres,20
addiction,20
adjectives,20
administer,20
admired,20
admit,20
advocates,20
alert,20
alignment,20
alkaline,20
alloy,20
alloys,20
alternatives,20
ambassador,20
approaching,20
aquatic,20
arcade,20
asleep,20
asserts,20
assignment,20
attested,20
authoritarian,20
automobile,20
auxiliary,20
backup,20
balloon,20
bidding,20
bounded,20
buttons,20
campuses,20
cancel,20
cane,20
catalog,20
catalyst,20
cemetery,20
characterization,20
circulated,20
complementary,20
compressed,20
cone,20
configurations,20
consolidated,20
contraction,20
contradiction,20
cooperative,20
costumes,20
cows,20
criterion,20
defeats,20
demonstrations,20
deploy,20
diagnosed,20
diagnostic,20
dirt,20
disability,20
dissolve,20
disturbance,20
divergence,20
doses,20
drainage,20
duo,20
dye,20
earthquakes,20
elastic,20
electrode,20
enclosed,20
encompasses,20
enduring,20
escort,20
evaporation,20
evenly,20
evolve,20
expenditure,20
exploits,20
exploring,20
expulsion,20
fastest,20
fathers,20
fears,20
fibre,20
fierce,20
financing,20
flames,20
flux,20
fog,20
forbade,20
forgotten,20
fortified,20
fossils,20
gang,20
graphical,20
helmet,20
hemisphere,20
highlights,20
homogeneous,20
honey,20
hostility,20
hymns,20
infectious,20
inference,20
installations,20
instrumentation,20
intentionally,20
intercepted,20
interpreter,20
interrupt,20
intuition,20
invalid,20
inventions,20
ionization,20
knife,20
landowners,20
leap,20
lineage,20
liquor,20
locals,20
longitude,20
marble,20
mediation,20
membranes,20
memoirs,20
metaphor,20
mice,20
microscope,20
mills,20
misleading,20
monk,20
monks,20
motifs,20
motives,20
mutually,20
mystical,20
noticeable,20
noting,20
numbering,20
nurse,20
objections,20
